Changes made at Sat Aug  9 05:58:18 UTC 2025
Changes made at Sat Aug  9 06:00:13 UTC 2025
Changes made at Sat Aug  9 06:01:25 UTC 2025
Changes made at Sat Aug  9 06:10:34 UTC 2025
Changes made at Sat Aug  9 07:57:15 UTC 2025
Changes made at Sat Aug  9 07:59:23 UTC 2025
Changes made at Sat Aug  9 08:50:10 UTC 2025
Changes made at Sat Aug  9 10:43:12 UTC 2025
Changes made at Sat Aug  9 14:40:09 UTC 2025
Changes made at Sat Aug  9 16:49:47 UTC 2025
Changes made at Sun Aug 10 08:48:53 UTC 2025
Changes made at Sun Aug 10 10:44:14 UTC 2025
